[{"assetType":"Alias","assetObject":{"name":"uszip_endpoint","id":"70dc277e-9d23-4bf5-bc2a-2177c2e45a49","status":"Success","explanation":"OK"}},{"assetType":"Policy","assetObject":{"name":"Policy For API uszip[1.0]","id":"f787d2a9-9e30-404a-ad13-0c7ad4aa9c71","status":"Success","explanation":"OK"}},{"assetType":"Policy","assetObject":{"name":"Policy For API uszip[1.0] Scope [findZipScope]","id":"7dafd04a-6a61-44d2-8f8d-e70fa1b8ad9b","status":"Success","explanation":"OK"}},{"assetType":"PolicyAction","assetObject":{"name":"Policy Action [Enable HTTP / HTTPS] -> Policy For API uszip[1.0]","id":"cda73477-dbf0-4f4c-a069-43768cefc37f","status":"Success","explanation":"OK"}},{"assetType":"API","assetObject":{"name":"uszip[1.0]","id":"2079b3a8-7a17-4366-9d5c-f9a7b2f93f1f","status":"Success","explanation":"OK"}},{"assetType":"PolicyAction","assetObject":{"name":"Policy Action [Straight Through Routing] -> Policy For API uszip[1.0]","id":"c607535f-c6fb-4d31-a761-adbd481203d0","status":"Success","explanation":"OK"}}]