[{"assetType":"PolicyAction","assetObject":{"name":"Policy Action [Enable HTTP / HTTPS] -> Policy For API bookstore[1.0]","id":"4ec4e166-961e-4740-a8bf-4478d5ad70ea","status":"Success","explanation":"OK"}},{"assetType":"Policy","assetObject":{"name":"Policy For API bookstore[1.0] Scope [view-books]","id":"dd47403a-8afd-4b90-89c1-445aa63b15f9","status":"Success","explanation":"OK"}},{"assetType":"PolicyAction","assetObject":{"name":"Policy Action [Validate API Specification] -> Policy For API bookstore[1.0]","id":"931bcae8-ac4d-463f-be17-f74900aed134","status":"Success","explanation":"OK"}},{"assetType":"Policy","assetObject":{"name":"Policy For API bookstore[1.0] Scope [remove-book]","id":"35fa968d-bde8-4246-9fd7-7dae35755351","status":"Success","explanation":"OK"}},{"assetType":"PolicyAction","assetObject":{"name":"Policy Action [Service Result Cache] -> Policy For API bookstore[1.0] Scope [view-books]","id":"b95fdff0-291c-4c8f-bf51-a7984f4c7e36","status":"Success","explanation":"OK"}},{"assetType":"PolicyAction","assetObject":{"name":"Policy Action [Conditional Error Processing] -> Policy For API bookstore[1.0]","id":"a28cb926-ede3-4441-a3fc-3796d58408b3","status":"Success","explanation":"OK"}},{"assetType":"PolicyAction","assetObject":{"name":"Policy Action [Set Media Type] -> Policy For API bookstore[1.0]","id":"65f737f1-5faf-48e3-9527-ae0727870248","status":"Success","explanation":"OK"}},{"assetType":"API","assetObject":{"name":"bookstore[1.0]","id":"538cc9db-d23d-46be-a8ac-3086faff8031","status":"Success","explanation":"OK"}},{"assetType":"PolicyAction","assetObject":{"name":"Policy Action [Data Masking] -> Policy For API bookstore[1.0]","id":"12cf7378-6cdd-4606-bc34-22894eda3648","status":"Success","explanation":"OK"}},{"assetType":"Alias","assetObject":{"name":"bookstore_endpoint","id":"072260e7-85de-4162-9c31-809c149c382a","status":"Success","explanation":"OK"}},{"assetType":"Policy","assetObject":{"name":"Policy For API bookstore[1.0] Scope [addupdate-book]","id":"57d3f96e-44b5-4563-acef-4920ef0bed05","status":"Success","explanation":"OK"}},{"assetType":"PolicyAction","assetObject":{"name":"Policy Action [Data Masking] -> Policy For API bookstore[1.0]","id":"6aff41b0-96cf-4372-b65c-43550f24c198","status":"Success","explanation":"OK"}},{"assetType":"PolicyAction","assetObject":{"name":"Policy Action [Straight Through Routing] -> Policy For API bookstore[1.0]","id":"c3f12708-f3ab-4e3e-9b9a-933f74ab2611","status":"Success","explanation":"OK"}},{"assetType":"Policy","assetObject":{"name":"Policy For API bookstore[1.0]","id":"dd3e9004-3031-4664-ad90-ffde85efe319","status":"Success","explanation":"OK"}}]